"IdOffer","title","name","location","level","req","contract","link"
"29529","Chef de projet Java JEE","CGI Technologies et Solutions Maroc","Rabat","bac +5 et plus","java , jee","CDI","/offre-emploi-chef-de-projet-java-jee-recrutement-cgi-technologies-et-solutions-maroc-rabat-130725.html"
"29530","IT Project Manager SAP","ORH Assessment","AM Supply Chain & Logistic","bac +5 et plus - formation spécialisée","sap","CDI","/offre-emploi-it-project-manager-sap---am-supply-chain-logistic-recrutement-orh-assessment-kenitra-130469.html"
"29531","Candidature Spontanée Développeurs Expérimentés",,"Tétouan",,"agile","CDI","/offre-emploi-candidature-spontanee-developpeurs-experimentes-recrutement-ntt-data-tetouan---casablanca-130274.html"
"29528","Ingénieur développeur fullstack junior","Altados","Casablanca","bac +5 et plus","java , angular , php , angularjs , reactjs , j2ee , nodejs","CDI","/offre-emploi-ingenieur-developpeur-fullstack-junior-recrutement-altados-casablanca-130736.html"
"29527","Développeur full stack",,"Casablanca","bac +5 et plus - ecole d'ingénieur","sql , angular , git , xamarin , sql server","CDI","/offre-emploi-developpeur-full-stack-recrutement-dekra-casablanca-130754.html"
"29524","Expert JAVA/J2EE PL/SQL (H/F)","CGI Technologies et Solutions Maroc","Casablanca","bac +5 et plus","oracle , plsql","CDI","/offre-emploi-expert-javaj2ee-plsql-hf-recrutement-cgi-technologies-et-solutions-maroc-casablanca-130783.html"
"29525","Consultant SAP BW (H/F)","Atos","Casablanca","bac +4","sap","CDI","/offre-emploi-consultant-sap-bw-hf-recrutement-atos-casablanca-130779.html"
"29522","Consultant Technico","DXC Technology Maroc","fonctionnel Senior dotnet","bac +5 et plus","java , dotnet , plsql , j2ee","CDI","/offre-emploi-consultant-technico-fonctionnel-senior-dotnet-recrutement-dxc-technology-maroc-technopolis-sala-al-jadidacasanearshore-casablanca-130843.html"
"29519","Testeur / Receteur (H/F)","SQLI Maroc","Oujda",,"sql , html , css , mysql , oracle , jquery , js , unix , sql server","CDI","/offre-emploi-testeur-receteur-hf-recrutement-sqli-maroc-oujda-130863.html"
"29503","Développeur Web (Front","Deloitte Nearshore","end/Fullstack) (H/F)","bac +5 et plus","java , angular , html , css , html5 , css3 , javascript , vuejs , j2ee","CDI","/offre-emploi-developpeur-web-front-endfullstack-hf-recrutement-deloitte-nearshore-casablanca-130973.html"
"29504","Formateur Mainframe H/F","Groupe Adaming","CASABLANCA","bac +5 et plus","cobol","CDI","/offre-emploi-formateur-mainframe-hf-recrutement-groupe-adaming-casablanca-130970.html"
"29505","Formateur JAVA JEE H/F","Groupe Adaming","CASABLANCA","bac +5 et plus","sql , java , jee , angular , javascript , spring , uml , scrum , agile","CDI","/offre-emploi-formateur-java-jee-hf-recrutement-groupe-adaming-casablanca-130969.html"
"29508","Expert Technique JAVA/Angular (H/F)","CGI Technologies et Solutions Maroc","Rabat","bac +5 et plus","sql , java , hibernate , angular , mysql , git , docker , springboot , kubernetes , linux","CDI","/offre-emploi-expert-technique-javaangular-hf-recrutement-cgi-technologies-et-solutions-maroc-rabat-130952.html"
"29509","Chef de projet Java JEE","CGI Technologies et Solutions Maroc","Rabat","bac +5 et plus","java , jee","CDI","/offre-emploi-chef-de-projet-java-jee-recrutement-cgi-technologies-et-solutions-maroc-rabat-130951.html"
"29510","Consultant Support Applicatif (H/F)","CGI Technologies et Solutions Maroc","Fès",,"linux","CDI","/offre-emploi-consultant-support-applicatif-hf-recrutement-cgi-technologies-et-solutions-maroc-fes-130946.html"
"29512","Ingénieur Système d’Information","ORH Assessment","Casablanca","bac +5 et plus - formation spécialisée","linux","CDI","/offre-emploi-ingenieur-systeme-dinformation-recrutement-orh-assessment-casablanca-130911.html"
"29501","Développeurs .NET Confirmés","Groupe Adaming","CASABLANCA","bac +5 et plus","sql , css , html5 , javascript , jquery , sql server","CDI","/offre-emploi-developpeurs-.net-confirmes-recrutement-groupe-adaming-casablanca-131007.html"
"29500","Ingénieur Support Confirmé (H/F)","CGI Technologies et Solutions Maroc","CASABLANCA","bac +4","sql , plsql , tomcat , sql server","CDI","/offre-emploi-ingenieur-support-confirme-hf-recrutement-cgi-technologies-et-solutions-maroc-casablanca-131009.html"
"29499","Ingénieur SysOps & DevOps (H/F)","Atos","Casablanca","bac +4 - master","sql , java , mysql , oracle , apache , jboss , aws , azure , tomcat , unix , linux , bash , sql server","CDI","/offre-emploi-ingenieur-sysops-devops-hf-recrutement-atos-casablanca-131037.html"
"29498","Ingénieur Système Windows","Atos","Casablanca","bac +5 et plus - ecole d'ingénieur","aws , azure , bash","CDI","/offre-emploi-ingenieur-systeme-windows-recrutement-atos-casablanca-131041.html"
"29494","Ingénieur études et développement PL/SQL Senior","Altados","MON","bac +5 et plus","oracle , plsql","CDI","/offre-emploi-ingenieur-etudes-et-developpement-plsql-senior--mon--recrutement-altados-casablanca-131078.html"
"29497","Leader Technique Java Confirmé (H/F)","Atos","Casablanca","bac +4","sql , java , git , docker , spring , kafka , kubernetes , agile","CDI","/offre-emploi-leader-technique-java-confirme-hf-recrutement-atos-casablanca-131042.html"
"29496","Ingénieur de Production","Sofrecom Services Maroc","Sala al jadida (Technopolis)","bac +5 et plus","jenkins , jira , linux , scrum","CDI","/offre-emploi-ingenieur-de-production-recrutement-sofrecom-services-maroc-sala-al-jadida-technopolis-131067.html"
"29495","Ms Power Platform developers","Altados","Casablanca","bac +5 et plus","html , css , javascript , azure , power bi , linux","Freelance","/offre-emploi-ms-power-platform-developers-recrutement-altados-casablanca-131052.html"
"29492","Ingénieur Application support Java J2EE confirmé (H/F)","Atos","Casablanca","bac +4","sql , java , oracle , postgresql , unix , agile","CDI","/offre-emploi-ingenieur-application-support-java-j2ee-confirme-hf-recrutement-atos-casablanca-131098.html"
"29490","Ingénieur Informaticien Etudes & Développement Confirmé H/F",,"Casablanca","bac +5 et plus - ecole d'ingénieur","sql , mysql , oracle , php , sql server","CDI","/offre-emploi-ingenieur-informaticien-etudes-developpement-confirme-hf-recrutement-rifl-biometrics-casablanca-131118.html"
"29487","Stagiaire PFE en Informatique","OBS","Rabat","bac +5 et plus - ecole d'ingénieur","agile","CDI","/offre-emploi-stagiaire-pfe-en-informatique-recrutement-obs-rabat-130747.html"
"29489","Stagiaires informatique","AKKA Technologies","Casablanca","bac +5 et plus - master - ecole d'ingénieur","java , php , react , agile","Stage","/offre-emploi-stagiaires-informatique-recrutement-akka-technologies-casablanca-131128.html"
"29485","Administrateur Big Data","Atos","Casablanca","bac +5 et plus - master","apache , kafka , hadoop , spark","CDI","/offre-emploi-administrateur-big-data-recrutement-atos-casablanca-131148.html"
"29484","Architecte Logiciel","DXC Technology Maroc","Technopolis, Sala Al Jadida/Casanearshore, Casablanca","bac +4 - ecole d'ingénieur","java","CDI","/offre-emploi-architecte-logiciel-recrutement-dxc-technology-maroc-technopolis-sala-al-jadidacasanearshore-casablanca-131159.html"
"29483","Ingénieur infrastructure Junior","Altados","MON","bac +5 et plus","sql , java , html , oracle , javascript , php , python","CDI","/offre-emploi-ingenieur-infrastructure-junior--mon--recrutement-altados-casablanca-130925.html"
"29480","Consultant(e) MicroStrategy","CGI Technologies et Solutions Maroc","Rabat","bac +5 et plus","sql , oracle , jboss","CDI","/offre-emploi-consultante-microstrategy-recrutement-cgi-technologies-et-solutions-maroc-rabat-131239.html"
"29460","Salesforce Consultant","Leyton","Casablanca","bac +5 et plus - master","html , css , javascript","CDI","/offre-emploi-salesforce-consultant-recrutement-leyton-casablanca-131527.html"
"29461","Développeur JAVA BACK","Groupe Adaming","END H/F","bac +5 et plus","java , jee , springboot , mongodb","CDI","/offre-emploi-developpeur-java-back-end-hf-recrutement-groupe-adaming-casablanca-131523.html"
"29463","Concepteur/Développeur Back","Sofrecom Services Maroc","end, .NET (C# 6.0)","bac +5 et plus","oracle , plsql","CDI","/offre-emploi-concepteurdeveloppeur-back-end-.net-c-6.0-recrutement-sofrecom-services-maroc-sala-al-jadida-technopolis-131511.html"
"29464","Expert Technique JAVA/Angular (H/F)","CGI Technologies et Solutions Maroc","Rabat","bac +5 et plus","sql , java , hibernate , angular , mysql , git , docker , springboot , kubernetes , linux","CDI","/offre-emploi-expert-technique-javaangular-hf-recrutement-cgi-technologies-et-solutions-maroc-rabat-131501.html"
"29465","Développeur middleware (H/F)","CGI Technologies et Solutions Maroc","Casablanca","bac +5 et plus","java , python , maven , spring , spring boot , aws , jenkins","CDI","/offre-emploi-developpeur-middleware-hf-recrutement-cgi-technologies-et-solutions-maroc-casablanca-131486.html"
"29466","Développeur PHP","Sofrecom Services Maroc","Elasticsearch","bac +5 et plus","docker , jira","CDI","/offre-emploi-developpeur-php-elasticsearch-recrutement-sofrecom-services-maroc-casablanca-131484.html"
"29468","Consultant HR","Oceane Consulting","Access (H/F)","bac +5 et plus - autre","sql , uml","CDI","/offre-emploi-consultant-hr-access-hf-recrutement-oceane-consulting-casablanca-131480.html"
"29469","Ingénieur développeur .Net Angular Senior","Altados","Casablanca","bac +5 et plus","sql , jquery , angularjs","CDI","/offre-emploi-ingenieur-developpeur-.net-angular-senior-recrutement-altados-casablanca-131018.html"
"29471","Expert CFT et Gateway Axway","Sofrecom Services Maroc","Sala al jadida (Technopolis)","bac +5 et plus","linux , agile","CDI","/offre-emploi-expert-cft-et-gateway-axway-recrutement-sofrecom-services-maroc-sala-al-jadida-technopolis-131432.html"
"29472","Ingénieur Exploitation N1","Intelcia ITS","casablanca","bac +5 et plus","linux","CDI","/offre-emploi-ingenieur-exploitation-n1-recrutement-intelcia-its-casablanca-131404.html"
"29473","Consultant SAP Senior H/F",,"France","bac +5 et plus","sap","CDI","/offre-emploi-consultant-sap-senior-hf-recrutement-engageo-france-130522.html"
"29475","Architecte logiciel","Altados","Casablanca","bac +5 et plus","java","CDI","/offre-emploi-architecte-logiciel-recrutement-altados-casablanca-131324.html"
"29476","Ingénieur de Production IT ( H/F)",,"Rabat","bac +5 et plus","sql , oracle , apache , aws , azure , tomcat , linux , agile , sql server","CDI","/offre-emploi-ingenieur-de-production-it-hf-recrutement-confidentiel-rabat-131254.html"
"29477","Scrum Master (H/F)","Oceane Consulting","Rabat","bac +5 et plus - master","sql , agile","CDI","/offre-emploi-scrum-master-hf-recrutement-oceane-consulting-rabat-131255.html"
"29479","Expert Technique JAVA/Angular (H/F)","CGI Technologies et Solutions Maroc","Rabat","bac +5 et plus","sql , java , hibernate , angular , mysql , git , docker , springboot , kubernetes , linux","CDI","/offre-emploi-expert-technique-javaangular-hf-recrutement-cgi-technologies-et-solutions-maroc-rabat-131240.html"
"29458","Ingénieur Développeur JAVA ( H/F)","Oceane Consulting","Casablanca","bac +5 et plus","sql , java , angular , git , spring , jira , unix , linux","CDI","/offre-emploi-ingenieur-developpeur-java-hf-recrutement-oceane-consulting-casablanca-131546.html"
"29457","Testeur junior","Altados","MON","bac +5 et plus - ecole d'ingénieur","java , javascript , python , groovy , jenkins , agile","CDI","/offre-emploi-testeur-junior--mon--recrutement-altados-casablanca-131553.html"
"29456","Assistant Manager Support Applicatif N1","Deloitte Nearshore","N2 (H/F)","bac +5 et plus","sql , sql server","CDI","/offre-emploi-assistant-manager-support-applicatif-n1-n2-hf-recrutement-deloitte-nearshore-casablanca-131565.html"
"29454","Senior Pentesting Coordinator ( H/F)",,"Rabat","bac +5 et plus","scrum , agile","CDI","/offre-emploi-senior-pentesting-coordinator-hf-recrutement-confidentiel-rabat-131604.html"
"29450","Ingénieur Support N3 (Java/sql)","Sofrecom Services Maroc","Casablanca","bac +5 et plus","sql , java , jee , hibernate , plsql","CDI","/offre-emploi-ingenieur-support-n3-javasql-recrutement-sofrecom-services-maroc-casablanca-131675.html"
"29448","Mobile Developer/ BlockChain","Groupe Adaming","H/F","bac +5 et plus","react , flutter","CDI","/offre-emploi-mobile-developer-blockchain---hf-recrutement-groupe-adaming-casablanca-131678.html"
"29447","Data engineer Cloud","Sofrecom Services Maroc","Casablanca","bac +5 et plus","sql , python , aws , azure , agile","CDI","/offre-emploi-data-engineer-cloud-recrutement-sofrecom-services-maroc-casablanca-131689.html"
"29444","Ingénieur Avant","INTM Mediterranée","vente en solutions applicatives et développement informatique (H/F)","bac +5 et plus - ecole d'ingénieur","hibernate , php , angularjs , git , spring , j2ee , nodejs , kubernetes","CDI","/offre-emploi-ingenieur-avant-vente-en-solutions-applicatives-et-developpement-informatique-hf-recrutement-intm-mediterranee-rabat-131709.html"
"29440","Data Engineer","Sofrecom Services Maroc","Sala al jadida (Technopolis)","bac +5 et plus","java , python , kafka , scala , r , unix","CDI","/offre-emploi-data-engineer-recrutement-sofrecom-services-maroc-sala-al-jadida-technopolis-131732.html"
"29430","Concepteur Développeur","Sofrecom Services Maroc","Sala al jadida (Technopolis)","bac +5 et plus","sql , java , angular , javascript , python , postgresql , git , docker , spring , kubernetes , jenkins , unix","CDI","/offre-emploi-concepteur-developpeur-recrutement-sofrecom-services-maroc-sala-al-jadida-technopolis-131856.html"
"29436","Ingénieur DATA ( H/F)","Label'Vie - Carrefour Market","Casablanca","bac +4","java , python , git , docker , aws , scala , kubernetes , jenkins , agile","CDI","/offre-emploi-ingenieur-data-hf-recrutement-labelvie---carrefour-market-casablanca-131791.html"
"29435","Ingénieur Développeur Sharepoint (Confirmé)","OBS","Casablanca","bac +4 - master - ecole d'ingénieur","sql , css , javascript , sql server","CDI","/offre-emploi-ingenieur-developpeur-sharepoint-confirme-recrutement-obs-casablanca-131793.html"
"29432","Ingénieur Etude et Développement Dot Net /C# (H/F)","Oceane Consulting","Rabat","bac +5 et plus","sql , azure , scrum , agile , sql server","CDI","/offre-emploi-ingenieur-etude-et-developpement-dot-net-c-hf-recrutement-oceane-consulting-rabat-131829.html"
"29431","Ingénieur Etude et Développement PHP Confirmé (H/F)","Oceane Consulting","Rabat","bac +5 et plus","mysql , javascript , php , angularjs , symfony , azure , scrum , agile","CDI","/offre-emploi-ingenieur-etude-et-developpement-php-confirme-hf-recrutement-oceane-consulting-rabat-131839.html"
"29429","Ingénieur Système Linux","Annour Technologies","CASABLANCA","bac +5 et plus - ecole d'ingénieur","unix , linux","CDI","/offre-emploi-ingenieur-systeme-linux-recrutement-annour-technologies-casablanca-131860.html"
"29425","Ingénieur études et développement confirmé","Altados","MON","bac +5 et plus","java , plsql , linux","CDI","/offre-emploi-ingenieur-etudes-et-developpement-confirme--mon--recrutement-altados-casablanca-130738.html"
"29427","CO LEAD","Altados","CASABLANCA","bac +5 et plus","sap","CDI","/offre-emploi-co-lead-recrutement-altados-casablanca-131864.html"
"29423","SAP HANA OTC LEAD","Altados","CASABLANCA","bac +5 et plus","sap","CDI","/offre-emploi-sap-hana-otc-lead-recrutement-altados-casablanca-131863.html"
"29421","Référent technique ESB","Sofrecom Services Maroc","Technopolis","bac +5 et plus","sql , java","CDI","/offre-emploi-referent-technique-esb-recrutement-sofrecom-services-maroc-technopolis-131902.html"
"29413","Consultant Technico","DXC Technology Maroc","Fonctionnel JAVA J2EE","bac +5 et plus","java , angular , javascript , js , j2ee , cobol","CDI","/offre-emploi-consultant-technico--fonctionnel-java-j2ee-recrutement-dxc-technology-maroc-rabat-131891.html"
"29412","Consultant Technico","DXC Technology Maroc","Fonctionnel JAVA J2EE","bac +5 et plus","java , angular , javascript , js , j2ee , cobol","CDI","/offre-emploi-consultant-technico--fonctionnel-java-j2ee-recrutement-dxc-technology-maroc-rabat-131892.html"
"29411","Testeur Automaticien","DXC Technology Maroc","Technopolis","bac +4 - ecole d'ingénieur","sql , uml , scrum , agile","CDI","/offre-emploi-testeur-automaticien-recrutement-dxc-technology-maroc-technopolis---sale-131894.html"
"29410","Consultants expérimentés SIRH","DXC Technology Maroc","Technopolis","bac +4 - ecole d'ingénieur","sql , sap","CDI","/offre-emploi-consultants-experimentes-sirh-recrutement-dxc-technology-maroc-technopolis---sale-131895.html"
"29404","Développeur Full Stack Confirmé","Sofrecom Services Maroc","Technopolis","bac +5 et plus","sql , angular , html , mysql , css3 , docker , spring , spring boot , spring cloud , j2ee , kafka , jpa , groovy , spring jpa , mariadb , agile","CDI","/offre-emploi-developpeur-full-stack-confirme-recrutement-sofrecom-services-maroc-technopolis-131580.html"
"29405","Développeur Back End et Front End Senior","Sofrecom Services Maroc","Technopolis","bac +5 et plus","sql , java , javascript , vuejs , postgresql , git , docker , apache , spring , kafka , kubernetes , linux","CDI","/offre-emploi-developpeur-back-end-et-front-end-senior-recrutement-sofrecom-services-maroc-technopolis-131582.html"
"29406","Développeur Service Now","Sofrecom Services Maroc","Rabat","bac +5 et plus - master","html , css , javascript , agile , jelly","CDI","/offre-emploi-developpeur-service-now-recrutement-sofrecom-services-maroc-rabat-131583.html"
"29407","Expert Technico Fonctionnel Billing","Sofrecom Services Maroc","Technopolis","bac +5 et plus","sql , python , plsql","CDI","/offre-emploi-expert-technico-fonctionnel-billing-recrutement-sofrecom-services-maroc-technopolis-131904.html"
"29408","Coordination technique de projets","Sofrecom Services Maroc","Technopolis","bac +5 et plus","sql , postgresql , linux","CDI","/offre-emploi-coordination-technique-de-projets-recrutement-sofrecom-services-maroc-technopolis-131903.html"
"29409","Proxy PO","Sofrecom Services Maroc","Technopolis","bac +5 et plus","scrum , agile","CDI","/offre-emploi-proxy-po-recrutement-sofrecom-services-maroc-technopolis-131901.html"
"29402","Lead SAP ( PP / QM/S4HANA )","Altados","Casablanca","bac +5 et plus","sap","Freelance","/offre-emploi-lead-sap-pp-qms4hana-recrutement-altados-casablanca-131912.html"
"29400","Ingénieur Avant Vente en Infrastructure Systèmes ( H/F)",,"Casablanca","bac +5 et plus","oracle , saas , aws , unix , paas","CDI","/offre-emploi-ingenieur-avant-vente-en-infrastructure-systemes-hf-recrutement-confidentiel-casablanca-131934.html"
"29398","Développeur Fullstack (Java/Angular)","Sofrecom Services Maroc","casablanca","bac +5 et plus","sql , java , angular , html5 , javascript , git , webpack , spring , jenkins , linux , agile","CDI","/offre-emploi-developpeur-fullstack-javaangular-recrutement-sofrecom-services-maroc-casablanca-131937.html"
"29399","Ingénieur Avant Vente en Réseau et Sécurité ( H/F)",,"Casablanca","bac +5 et plus","saas , paas","CDI","/offre-emploi-ingenieur-avant-vente-en-reseau-et-securite-hf-recrutement-confidentiel-casablanca-131935.html"
"29396","Développeur Full stack confirmé","Altados","MON","bac +5 et plus - ecole d'ingénieur","java , angular , html , plsql , j2ee","CDI","/offre-emploi-developpeur-full-stack-confirme--mon--recrutement-altados-casablanca-131945.html"
"29397","Application Delivery","DXC Technology Maroc","Technopolis","bac +4 - autre","cobol , agile","CDI","/offre-emploi-application-delivery-recrutement-dxc-technology-maroc-technopolis---casanearshore-131939.html"
"29394","Technicien IT","Intelcia ITS","Meknes","bac +2","linux","CDI","/offre-emploi-technicien-it---meknes-recrutement-intelcia-its-meknes-131970.html"
"29395","Technicien IT","Intelcia ITS","Casablanca","bac +2","linux","CDI","/offre-emploi-technicien-it---casablanca-recrutement-intelcia-its-casablanca-131971.html"
"29389","Administrateur Système H/F","Sitel Group","Casablanca","bac +3 - ecole d'ingénieur","python , git , docker , linux","CDI","/offre-emploi-administrateur-systeme-hf-recrutement-sitel-group-casablanca-132018.html"
"29390","Analyste fonctionnel / Testeur confirmé","ALTEN Maroc","Fès",,"jira","CDI","/offre-emploi-analyste-fonctionnel-testeur-confirme-recrutement-alten-maroc-fes-130771.html"
"29391","Ingénieur Modélisation","ALTEN Maroc","MBD",,"python","CDI","/offre-emploi-ingenieur-modelisation---mbd-recrutement-alten-maroc-rabat-131530.html"
"29392","Analyste fonctionnel / Testeur confirmé","ALTEN Maroc","Rabat",,"jira","CDI","/offre-emploi-analyste-fonctionnel-testeur-confirme-recrutement-alten-maroc-rabat-130769.html"
"29386","Développeur Java","Eumatech","Casablanca","bac +5 et plus","sql , java , hibernate , angular , git , maven , springboot , jira","CDI","/offre-emploi-developpeur-java-recrutement-eumatech-casablanca-132035.html"
"29387","Scrum Master (H/F)","Oceane Consulting","Casablanca","bac +5 et plus - master","scrum","CDI","/offre-emploi-scrum-master-hf-recrutement-oceane-consulting-casablanca-132010.html"
"29388","Développeur Cobol/Mainframe","DXC Technology Maroc","Technopolis, Salé","bac +4","cobol","CDI","/offre-emploi-developpeur-cobolmainframe-recrutement-dxc-technology-maroc-technopolis-sale-132030.html"
"29372","INGENIEUR SUPPORT HISPANOPHONE","Manpower Agences","RABAT","bac +5 et plus - formation continue","sql , git , unix","CDI","/offre-emploi-ingenieur-support-hispanophone-recrutement-manpower-agences-rabat-132068.html"
"29373","Ingénieur Concepteur Développeur .Net (H/F)","SQLI Maroc","Oujda",,"html5 , js , azure","CDI","/offre-emploi-ingenieur-concepteur-developpeur-.net-hf-recrutement-sqli-maroc-oujda-130862.html"
"29374","ingénieur support (Unix/SQL)","Sofrecom Services Maroc","Casablanca","bac +5 et plus","sql , oracle , plsql , unix , linux","CDI","/offre-emploi-ingenieur-support-unixsql-recrutement-sofrecom-services-maroc-casablanca-132069.html"
"29369","INGENIEUR DEVOPS","Manpower Agences","RABAT","bac +5 et plus - formation continue","docker , nodejs , linux","CDI","/offre-emploi-ingenieur-devops-recrutement-manpower-agences-rabat-132079.html"
"29366","Développeur Adobe Expérience Manager (AEM) (Back/Front)","Deloitte Nearshore","Casablanca","bac +5 et plus - ecole d'ingénieur","java , angular , html , css , html5 , css3 , javascript , vuejs , j2ee","CDI","/offre-emploi-developpeur-adobe-experience-manager-aem-backfront-recrutement-deloitte-nearshore-casablanca-131646.html"
"29371","INGENIEUR SUPPORT GERMANOPHONE","Manpower Agences","RABAT","bac +5 et plus - formation continue","sql , git , unix","CDI","/offre-emploi-ingenieur-support-germanophone-recrutement-manpower-agences-rabat-132071.html"
"29370","SCRUM MASTER","Manpower Agences","RABAT","bac +5 et plus - formation continue","javascript , react , scrum , agile","CDI","/offre-emploi-scrum-master-recrutement-manpower-agences-rabat-132072.html"
"29368","Leader Technique Java Fullstack (H/F)","Atos","Casablanca","bac +5 et plus","java , angular , docker , springboot , kafka , agile","CDI","/offre-emploi-leader-technique-java-fullstack-hf-recrutement-atos-casablanca-130809.html"
"29365","PRODUCT OWNER","Manpower Agences","RABAT","bac +5 et plus - formation continue","javascript , power bi , agile","CDI","/offre-emploi-product-owner-recrutement-manpower-agences-rabat-132102.html"
"29361","Administrateur Support Office 365",,"Casablanca","bac +5 et plus - ecole d'ingénieur","sql , sql server","CDI","/offre-emploi-administrateur-support-office-365-recrutement-energetic-link-casablanca-132107.html"
"29358","DevOps Engineer","Leyton","Casablanca","bac +5 et plus - master","docker , kubernetes , jenkins , unix , linux","CDI","/offre-emploi-devops-engineer-recrutement-leyton-casablanca-132147.html"
"29359","Ingénieurs en transmission FH","ALTEN Maroc","Fès",,"linux","CDI","/offre-emploi-ingenieurs-en-transmission-fh-recrutement-alten-maroc-fes-132145.html"
"29357","Développeur Java","Sofrecom Services Maroc","Casablanca","bac +5 et plus","sql , java , git , spring , jira , unix , linux","CDI","/offre-emploi-developpeur-java-recrutement-sofrecom-services-maroc-casablanca-132149.html"
"29355","Business Analyst Marketing (English Speaker)","Leyton","Casablanca","bac +5 et plus - master","html , css , agile","CDI","/offre-emploi-business-analyst-marketing-english-speaker-recrutement-leyton-casablanca-132150.html"
"29354","Développeur/Intégrateur WordPress","Webhelp Maroc","Rabat","bac +2","html , css , javascript , jquery , php","CDI","/offre-emploi-developpeurintegrateur-wordpress-recrutement-webhelp-maroc-rabat-132155.html"
"29352","Ingénieur Logiciel DevOps ( H/F)","Oceane Consulting","Technopolis","bac +5 et plus","mysql , python , docker , kubernetes , mariadb , linux","CDI","/offre-emploi-ingenieur-logiciel-devops-hf-recrutement-oceane-consulting-technopolis-132167.html"
"29350","Ingénieur Support Applicatif BI","Sofrecom Services Maroc","Casablanca","bac +5 et plus","sql , oracle , plsql , unix , linux","CDI","/offre-emploi-ingenieur-support-applicatif-bi-recrutement-sofrecom-services-maroc-casablanca-132171.html"
"29349","Professional Product Developers (. Net)","Altados","TEC","bac +5 et plus","sql , angular , react , docker , aws , agile , sql server","CDI","/offre-emploi-professional-product-developers-.-net--tec---recrutement-altados-casablanca-131405.html"
"29343","Ingénieur études et développement .NET Azure (H/F)","Deloitte Nearshore","Casablanca","bac +5 et plus","sql , azure , sql server","CDI","/offre-emploi-ingenieur-etudes-et-developpement-.net-azure-hf-recrutement-deloitte-nearshore-casablanca-132195.html"
"29345","Ingenieur Full Stack OU JS","Manpower Agences","RABAT","bac +5 et plus - master","hibernate , angular , html5 , javascript , typescript , spring","CDI","/offre-emploi-ingenieur-full-stack-ou-js-recrutement-manpower-agences-rabat-132199.html"
"29346","Technical Business Analyst","Altados","TEC","bac +5 et plus","sql , scrum , agile , sql server","CDI","/offre-emploi-technical-business-analyst--tec---recrutement-altados-casablanca-131591.html"
"29340","Global Reporting Analyst","Webhelp Maroc","Rabat","bac +5 et plus","sql , power bi , sql server","CDI","/offre-emploi-global-reporting-analyst-recrutement-webhelp-maroc-rabat-132214.html"
"29341","DevOps Engineer (H/F)","SQLI Maroc","Rabat",,"python , aws , groovy , azure , kubernetes , agile","CDI","/offre-emploi-devops-engineer-hf-recrutement-sqli-maroc-rabat-132198.html"
"29337","Ingénieur Systèmes Windows Expert en Active Directory","Altados","Casablanca","bac +5 et plus","linux","Freelance","/offre-emploi-ingenieur-systemes-windows-expert-en-active-directory-recrutement-altados-casablanca-132248.html"
"29338","Ingénieur Développement","Manpower Agences","RABAT","bac +5 et plus - master","java , oracle , j2ee , uml , linux","CDI","/offre-emploi-ingenieur-developpement-recrutement-manpower-agences-rabat-132242.html"
"29339","Ingénieur Devops Senior","Altados","Casablanca","bac +5 et plus","jenkins , linux","Freelance","/offre-emploi-ingenieur-devops-senior-recrutement-altados-casablanca-132222.html"
"29334","Support N3 technique","ALTEN Maroc","Fès",,"sql , java , sap , jira , unix , linux , catia","CDI","/offre-emploi-support-n3-technique-recrutement-alten-maroc-fes-132277.html"
"29331","Suport PLM Senior","ALTEN Maroc","GP Owner",,"catia","CDI","/offre-emploi-suport-plm-senior---gp-owner-recrutement-alten-maroc-fes-132290.html"
"29332","Expert pilote technique","ALTEN Maroc","Fès",,"sql , java , sap , jira , unix , linux , catia","CDI","/offre-emploi-expert-pilote-technique-recrutement-alten-maroc-fes-132279.html"
"29333","Support N3 Fonctionnel","ALTEN Maroc","Fès",,"sql , java , sap , jira , unix , linux , catia","CDI","/offre-emploi-support-n3-fonctionnel-recrutement-alten-maroc-fes-132278.html"
"29329","Testeur Fonctionnel (H/F)","Atos","Casablanca","bac +4","mysql , jira , agile","CDI","/offre-emploi-testeur-fonctionnel-hf-recrutement-atos-casablanca-131232.html"
"29330","Concepteur Développeur java/Angular","Sofrecom Services Maroc","Sala al jadida (Technopolis)","bac +5 et plus","java , angular , javascript , spring , jpa , agile","CDI","/offre-emploi-concepteur-developpeur-javaangular-recrutement-sofrecom-services-maroc-sala-al-jadida-technopolis-132318.html"
"29327","Consultant SAP SD/MM","Atos","Casablanca","bac +5 et plus","sap","CDI","/offre-emploi-consultant-sap-sdmm-recrutement-atos-casablanca-131233.html"
"29328","Consultant SAP ABAP Senior (H/F)","Atos","Casablanca","bac +4","sap","CDI","/offre-emploi-consultant-sap-abap-senior-hf-recrutement-atos-casablanca-131942.html"
"29325","Gestionnaire de données CRM Senior | CDI","Deloitte Nearshore","casablanca","bac +2","oracle , sap","CDI","/offre-emploi-gestionnaire-de-donnees-crm-senior-cdi-recrutement-deloitte-nearshore-casablanca-132316.html"
"29323","Tech Lead Fullstack JAVA","Deloitte Nearshore","AEM (H/F)","bac +5 et plus - master","java , angular , html , css , html5 , css3 , javascript , vuejs","CDI","/offre-emploi-tech-lead-fullstack-java---aem-hf-recrutement-deloitte-nearshore-casablanca-132333.html"
"29324","Ingénieur Support Applicatif N3 (Unix/Sql)","Sofrecom Services Maroc","Casablanca","bac +5 et plus","sql , plsql , linux","CDI","/offre-emploi-ingenieur-support-applicatif-n3-unixsql-recrutement-sofrecom-services-maroc-casablanca-132358.html"
"29314","BigData Developer ( Scala/Java)","OBS","Rabat","bac +5 et plus","java , git , maven , scala , jenkins , jira , hadoop , unix , linux , agile","CDI","/offre-emploi-bigdata-developer-scalajava-recrutement-obs-rabat-130982.html"
"29315","Ingénieur développeur fullstack junior Angular","Altados","Casablanca","bac +5 et plus","java , angular , php , angularjs , reactjs , j2ee , nodejs","CDI","/offre-emploi-ingenieur-developpeur-fullstack-junior-angular-recrutement-altados-casablanca-130900.html"
"29317","Ingénieurs Cloud Storage / Confirmé (H/F)","Atos","Casablanca","bac +4","oracle , aws , azure","CDI","/offre-emploi-ingenieurs-cloud-storage-confirme-hf-recrutement-atos-casablanca-132355.html"
"29319","Consultant ITSM","TNC The Next Clic","Jira (H/F)","bac +4","css , javascript , jira , agile , jelly","CDI","/offre-emploi-consultant-itsm---jira-hf-recrutement-tnc-the-next-clic-casablanca-132350.html"
"29320","Développeur Front","Deloitte Nearshore","End","bac +5 et plus - master","java , angular , html , css , html5 , css3 , javascript , vuejs , reactjs","CDI","/offre-emploi-developpeur-front-end---aem-hf-recrutement-deloitte-nearshore-casablanca-132331.html"
"29321","Développeur Back","Deloitte Nearshore","End","bac +5 et plus - master","java","CDI","/offre-emploi-developpeur-back-end---aem-hf-recrutement-deloitte-nearshore-casablanca-132330.html"
"29322","Ingénieur Fonctionnel","Sitel Group","Casablanca",,"sql , oracle , sql server","CDI","/offre-emploi-ingenieur-fonctionnel---casablanca-recrutement-sitel-group-casablanca-132339.html"
"29300","Concepteur Développeur Symfony (H/F)","SQLI Maroc","Rabat",,"symfony","CDI","/offre-emploi-concepteur-developpeur-symfony-hf-recrutement-sqli-maroc-rabat-132394.html"
"29301","Développeur Full","Involys","stack","bac +5 et plus - ecole d'ingénieur","sql , angular , oracle , scrum , agile , sql server","CDI","/offre-emploi-developpeur-full-stack-recrutement-involys-casablanca-132387.html"
"29302","Analyste Programmeur .Net","Involys","Casablanca","bac +5 et plus - ecole d'ingénieur","sql , angular , css , mysql , oracle , javascript , php , angularjs , react , nodejs , xamarin , sql server","CDI","/offre-emploi-analyste-programmeur-.net-recrutement-involys-casablanca-132385.html"
"29305","Développeur Angular, .Net Core, ASP.Net","Involys","Casablanca","bac +5 et plus - ecole d'ingénieur","sql , angular , oracle , sql server","CDI","/offre-emploi-developpeur-angular-.net-core-asp.net-recrutement-involys-casablanca-132382.html"
"29306","Ingénieurs Etude et Développement JAVA EE","Perenity Software","Casablanca","bac +5 et plus - ecole d'ingénieur","angular , css , html5 , spring , spring boot","CDI","/offre-emploi-ingenieurs-etude-et-developpement-java-ee-recrutement-perenity-software-casablanca-131946.html"
"29307","EMEA Network Engineer","Sitel Group","Casablanca",,"aws","CDI","/offre-emploi-emea-network-engineer---casablanca-recrutement-sitel-group-casablanca-132378.html"
"29308","Consultant ReactJS","Welink","Freelance","bac +5 et plus","javascript , js , react , nodejs","Freelance","/offre-emploi-consultant-reactjs---freelance-recrutement-welink-rabat-132397.html"
"29310","Responsable Analytics","Preci","Casablanca","bac +5 et plus","power bi","CDI","/offre-emploi-responsable-analytics-recrutement-preci-casablanca-131697.html"
"29311","Ingénieur Développeur Java/JEE","Sitel Group","Casablanca","bac +3 - master - ecole d'ingénieur","sql , hibernate , oracle , jquery , maven , spring , jenkins , sql server","CDI","/offre-emploi-ingenieur-developpeur-javajee---casablanca-recrutement-sitel-group-casablanca-132376.html"
"29313","Ingénieurs Consultants (Systèmes pour Marchés Financiers)","Perenity Software","Casablanca","bac +5 et plus - ecole d'ingénieur","plsql","CDI","/offre-emploi-ingenieurs-consultants-systemes-pour-marches-financiers-recrutement-perenity-software-casablanca-131788.html"
"29299","Ingénieur Développement Java Senior (H/F)","Atos","Casablanca","bac +5 et plus","java , jee , hibernate , angular , mysql , oracle , vuejs , spring , jpa , unix , agile","CDI","/offre-emploi-ingenieur-developpement-java-senior-hf-recrutement-atos-casablanca-132396.html"
"29295","Développeur VBA","ALTEN Maroc","Fès",,"java , python , vbnet , sap , agile","CDI","/offre-emploi-developpeur-vba-recrutement-alten-maroc-fes-131758.html"
"29296","Ingénieur développeur PHP Symfony 4 (H/F) confirmé.",,"Marrakech","bac +5 et plus - master - ecole d'ingénieur","php","CDI","/offre-emploi-ingenieur-developpeur-php-symfony-4-hf-confirme.-recrutement-alter-ipso-marrakech-132419.html"
"29291","Web Master (H/F)","TNC The Next Clic","Casablanca","bac +4 - autre","html , css , javascript , php","CDI","/offre-emploi-web-master-hf-recrutement-tnc-the-next-clic-casablanca-132208.html"
"29292","Vérification & Test engineer","ALTEN Maroc","Rabat",,"jira","CDI","/offre-emploi-verification-test-engineer-recrutement-alten-maroc-rabat-132426.html"
"29288","Ingénieur Etudes Et Développement MOBILE HYBRIDE (H/F)","ARIA Tech","Casablanca","bac +5 et plus - master","java , jee , hibernate , angular , css , html5 , css3 , git , docker , maven , spring , jpa , scrum , agile , kotlin","CDI","/offre-emploi-ingenieur-etudes-et-developpement-mobile-hybride-hf-recrutement-aria-tech-casablanca-131536.html"
"29285","Consultant AS400 (H/F)","Atos","Casablanca","bac +5 et plus - ecole d'ingénieur","cobol","CDI","/offre-emploi-consultant-as400-hf-recrutement-atos-casablanca-132443.html"
"29286","Teach Lead (H/F)","Label'Vie - Carrefour Market","Casablanca","bac +4","saas , agile","CDI","/offre-emploi-teach-lead-hf-recrutement-labelvie---carrefour-market-casablanca-132435.html"
"29287","Ingénieur Etudes Et Développement PHP Confirmé (H/F)","ARIA Tech","Casablanca","bac +5 et plus - master","java , jee , hibernate , angular , css , html5 , css3 , git , docker , maven , spring , jpa , scrum , agile , kotlin","CDI","/offre-emploi-ingenieur-etudes-et-developpement-php-confirme-hf-recrutement-aria-tech-casablanca-131686.html"
"29284","Testeur/Automaticien Confirmé (H/F)","Atos","Casablanca","bac +5 et plus - ecole d'ingénieur","python , git , jenkins , agile","CDI","/offre-emploi-testeurautomaticien-confirme-hf-recrutement-atos-casablanca-132444.html"
"29282","Ingénieur Tests Fonctionnels et Automatisés","ALTEN Maroc","Rabat",,"jira , agile","CDI","/offre-emploi-ingenieur-tests-fonctionnels-et-automatises-recrutement-alten-maroc-rabat-130887.html"
"29283","Développeur Intégrateur Front","ALTEN Maroc","End",,"html5 , css3 , javascript , php , vuejs , reactjs","CDI","/offre-emploi-developpeur-integrateur-front-end-recrutement-alten-maroc-fes-130962.html"
"29279","Infrastructure Administrator","ALTEN Maroc","Rabat",,"azure , bash","CDI","/offre-emploi-infrastructure-administrator-recrutement-alten-maroc-rabat-130963.html"
"29272","Expert Technique PHP Natif (H/F)","SQLI Maroc","Rabat",,"php","CDI","/offre-emploi-expert-technique-php-natif-hf-recrutement-sqli-maroc-rabat-132467.html"
"29273","Testeur Automaticien","DXC Technology Maroc","Technopolis","bac +4 - ecole d'ingénieur","sql , uml , scrum , agile","CDI","/offre-emploi-testeur-automaticien-recrutement-dxc-technology-maroc-technopolis---sale-130845.html"
"29274","Pilote activités MCO infrastructure Axway","Sofrecom Services Maroc","Sala al jadida (Technopolis)","bac +5 et plus","linux","CDI","/offre-emploi-pilote-activites-mco-infrastructure-axway-recrutement-sofrecom-services-maroc-sala-al-jadida-technopolis-132461.html"
"29277","Cloud Engineer","Deloitte Nearshore","Casablanca","bac +5 et plus - ecole d'ingénieur","aws , azure","CDI","/offre-emploi-cloud-engineer-recrutement-deloitte-nearshore-casablanca-131541.html"
"29278","Senior Cloud Engineer","Deloitte Nearshore","Casablanca","bac +5 et plus - ecole d'ingénieur","aws , azure","CDI","/offre-emploi-senior-cloud-engineer-recrutement-deloitte-nearshore-casablanca-130990.html"
"29271","INGÉNIEUR CONCEPTEUR DÉVELOPPEUR PHP NATIF (H/F)","SQLI Maroc","Rabat",,"php","CDI","/offre-emploi-ingenieur-concepteur-developpeur-php-natif-hf-recrutement-sqli-maroc-rabat-132468.html"
"29269","Ingénieur Concepteur Développeur Drupal","SQLI Maroc","Rabat",,"symfony , drupal","CDI","/offre-emploi-ingenieur-concepteur-developpeur-drupal-recrutement-sqli-maroc-rabat-132470.html"
"29268","Expert Technique Drupal","SQLI Maroc","Rabat",,"drupal","CDI","/offre-emploi-expert-technique-drupal-recrutement-sqli-maroc-rabat-132471.html"
"29265","Ingénieur d'Etudes et Développement Full Stack Java/JEE confirmé (H/F)","OBS","Rabat","bac +5 et plus","java , angular , mysql , oracle , html5 , git , maven , spring , jenkins","CDI","/offre-emploi-ingenieur-detudes-et-developpement-full-stack-javajee-confirme-hf-recrutement-obs-rabat-132484.html"
"29264","Concepteur Développeur Fullstack (Java/Angular)","Sofrecom Services Maroc","Sala al jadida (Technopolis)","bac +5 et plus","java , angularjs , git , docker , maven , gradle , spring , spring boot , aws , kubernetes , jenkins , paas","CDI","/offre-emploi-concepteur-developpeur-fullstack-javaangular-recrutement-sofrecom-services-maroc-sala-al-jadida-technopolis-131865.html"
"29262","Ingénieur Tests Fonctionnels et Automatisés","ALTEN Maroc","Fès",,"jira , agile","CDI","/offre-emploi-ingenieur-tests-fonctionnels-et-automatises-recrutement-alten-maroc-fes-131002.html"
"29263","Ingénieur DevOps","Sofrecom Services Maroc","Sala al jadida (Technopolis)","bac +5 et plus","mysql , python , docker , kubernetes , mariadb , linux","CDI","/offre-emploi-ingenieur-devops-recrutement-sofrecom-services-maroc-sala-al-jadida-technopolis-131859.html"
"29245","Développeur Mobile Android (Kotlin) (H/F)","TNC The Next Clic","Casablanca","bac +3","swift , kotlin","CDI","/offre-emploi-developpeur-mobile-android-kotlin-hf-recrutement-tnc-the-next-clic-casablanca-131643.html"
"29247","Développeur Front End","OBS","Rabat","bac +5 et plus - ecole d'ingénieur","jira , agile","CDI","/offre-emploi-developpeur-front-end-recrutement-obs-rabat-131639.html"
"29248","Ingénieur et Intégrateur support Applicatif","OBS","Rabat","bac +5 et plus","java , oracle , postgresql , kubernetes , linux , bash","CDI","/offre-emploi-ingenieur-et-integrateur-support-applicatif-recrutement-obs-rabat-130978.html"
"29249","Ingénieur Devops Confirmé","OBS","Rabat","bac +5 et plus - ecole d'ingénieur","java , angular , react , docker , maven , spring , spring boot , jpa , jira","CDI","/offre-emploi-ingenieur-devops-confirme-recrutement-obs-rabat-132085.html"
"29250","Expert Technique .Net/Angular ( Oujda ) (H/F)","SQLI Maroc","Oujda",,"sql , html5 , css3 , javascript , jquery , reactjs , ssas , sql server","CDI","/offre-emploi-expert-technique-.netangular-oujda-hf-recrutement-sqli-maroc-oujda-132521.html"
"29251","Incident Manager","HPS Maroc","Casablanca","bac +5 et plus - ecole d'ingénieur","agile","CDI","/offre-emploi-incident-manager-recrutement-hps-maroc-casablanca-132520.html"
"29252","Expert Technique Java JEE ( Oujda )","SQLI Maroc","Oujda","bac +5 et plus","java , hibernate , mysql , oracle , apache , spring , spring cloud , kafka , tomcat , unix , jdbc","CDI","/offre-emploi-expert-technique-java-jee-oujda-recrutement-sqli-maroc-oujda-132519.html"
"29254","Expert Technique Drupal ( Oujda )","SQLI Maroc","Oujda",,"drupal","CDI","/offre-emploi-expert-technique-drupal-oujda-recrutement-sqli-maroc-oujda-132517.html"
"29255","Chef de projet IT / Scrum Master (H/F)","SQLI Maroc","Oujda",,"jira , agile","CDI","/offre-emploi-chef-de-projet-it-scrum-master-hf-recrutement-sqli-maroc-oujda-132516.html"
"29256","Ingénieur IT Business analyst ( Oujda ) (H/F)","SQLI Maroc","Oujda",,"oracle , uml , drupal , sap","CDI","/offre-emploi-ingenieur-it-business-analyst-oujda-hf-recrutement-sqli-maroc-oujda-132515.html"
"29257","INGÉNIEUR CONCEPTEUR DÉVELOPPEUR PHP (OUJDA) (H/F)","SQLI Maroc","Oujda",,"php","CDI","/offre-emploi-ingenieur-concepteur-developpeur-php-oujda-hf-recrutement-sqli-maroc-oujda-132510.html"
"29259","Ingénieur DevOps Senior","Altados","MON","bac +5 et plus - ecole d'ingénieur","java , php , docker , jenkins","CDI","/offre-emploi-ingenieur-devops-senior--mon--recrutement-altados-casablanca-130924.html"
"29260","Consultant technique HRaccess","Altados","Casablanca","bac +5 et plus - ecole d'ingénieur","sql , java","CDI","/offre-emploi-consultant-technique-hraccess-recrutement-altados-casablanca-131441.html"
"29233","Développeur","Altados","Casablanca","bac +5 et plus","python","Freelance","/offre-emploi-developpeur-recrutement-altados-casablanca-132559.html"
"29228","Développeur Oracle APEX+ PL/SQL (Casablanca)","Preci","CASABLANCA","bac +5 et plus","java , oracle , plsql","CDI","/offre-emploi-developpeur-oracle-apex-plsql-casablanca-recrutement-preci-casablanca-132572.html"
"29243","Ingénieur Etudes et Développement PHP Full Stack Sénior (F/H)","Atos","Casablanca","bac +5 et plus - master","php , symfony , agile","CDI","/offre-emploi-ingenieur-etudes-et-developpement-php-full-stack-senior-fh-recrutement-atos-casablanca-132526.html"
"29242","Consultant SAP SuccessFactors (H/F)","CGI Technologies et Solutions Maroc","Casablanca","bac +5 et plus","sap","CDI","/offre-emploi-consultant-sap-successfactors-hf-recrutement-cgi-technologies-et-solutions-maroc-casablanca-132530.html"
"29240","SENIOR CONSULTANT FONCTIONNEL OU TECHNIQUE SAP TOUS DOMAINES","Preci","Casablanca","bac +5 et plus","sap","CDI","/offre-emploi-senior-consultant-fonctionnel-ou-technique-sap-tous-domaines-recrutement-preci-casablanca-132207.html"
"29239","Directeur Informatique Technique senior SSII (Business Unit Finance)","Preci","CTO","bac +5 et plus","java , mysql , oracle , dockers , git , apache , spring , spring cloud , springboot , scala , kubernetes , hadoop , spark , yarn","CDI","/offre-emploi-directeur-informatique-technique-senior-ssii-business-unit-finance--cto---secteur-bancaireedition-de-logiciels---delivery-recrutement-preci-casablanca-132015.html"
"29237","Consultant Sage avec Evolution vers poste Sap ou Microsoft","Preci","Casablanca","bac +5 et plus","sap","CDI","/offre-emploi-consultant-sage-avec-evolution-vers-poste-sap-ou-microsoft-recrutement-preci-casablanca-132314.html"
"29236","Consultant SAP FICO Confirmé (H/F)","Atos","Casablanca","bac +4","sap","CDI","/offre-emploi-consultant-sap-fico-confirme-hf-recrutement-atos-casablanca-132293.html"
"29234","Testeur Informatique Anglophone à Rabat","AXA Rabat (Axa Services)","Salé Technopolis","bac +4 - ecole d'ingénieur","agile","CDI","/offre-emploi-testeur-informatique-anglophone-a-rabat-recrutement-axa-rabat-axa-services-sale-technopolis-132554.html"
"29235","Ingénieur Etude et Développement Java Senior (H/F)","Atos","Casablanca","bac +5 et plus","java , jee , hibernate , angular , mysql , oracle , vuejs , spring , jpa , unix , agile","CDI","/offre-emploi-ingenieur-etude-et-developpement-java-senior-hf-recrutement-atos-casablanca-131819.html"
"29223","Stagiaires (PFE) Ingénieurs Etudes & développement","Perenity Software","Casablanca","bac +5 et plus - ecole d'ingénieur - université","oracle , plsql","Stage","/offre-emploi-stagiaires-pfe-ingenieurs-etudes-developpement-recrutement-perenity-software-casablanca-132601.html"
"29224","Ingénieur DevOps","Sofrecom Services Maroc","Sala al jadida (Technopolis)","bac +5 et plus","python , git , aws , kubernetes , jira , linux , agile","CDI","/offre-emploi-ingenieur-devops-recrutement-sofrecom-services-maroc-sala-al-jadida-technopolis-132586.html"
"29225","Architecte Applicatif (H/F)","Deloitte Nearshore","casablanca","bac +5 et plus","azure , paas","CDI","/offre-emploi-architecte-applicatif-hf-recrutement-deloitte-nearshore-casablanca-132583.html"
"29226","Business Analyst BI","Sofrecom Services Maroc","Casablanca","bac +5 et plus","sql , jira , agile","CDI","/offre-emploi-business-analyst-bi-recrutement-sofrecom-services-maroc-casablanca-132577.html"
"29227","Devops Engineer","Altados","Casablanca","bac +5 et plus","docker , aws , kubernetes","Freelance","/offre-emploi-devops-engineer-recrutement-altados-casablanca-132558.html"
"29221","Développeur PHP","Sofrecom Services Maroc","Casablanca","bac +5 et plus","mysql , php , git , linux , agile","CDI","/offre-emploi-developpeur-php-recrutement-sofrecom-services-maroc-casablanca-132604.html"
"29205","Ingénieur études et développement JAVA JEE (H/F)","CGI Technologies et Solutions Maroc","Casablanca","bac +5 et plus","java , jee","CDI","/offre-emploi-ingenieur-etudes-et-developpement-java-jee-hf-recrutement-cgi-technologies-et-solutions-maroc-casablanca-132677.html"
"29206","Leader Technique Java Fullstack (H/F)","Atos","Casablanca","bac +5 et plus","java , angular , docker , springboot , kafka , agile","CDI","/offre-emploi-leader-technique-java-fullstack-hf-recrutement-atos-casablanca-132676.html"
"29207","Expert Technique Front End (H/F)","SQLI Maroc","Casablanca",,"javascript , vuejs , reactjs , nodejs","CDI","/offre-emploi-expert-technique-front-end-hf-recrutement-sqli-maroc-casablanca-132671.html"
"29208","Développeur JAVA/JEE/ANGULAR (Entry level)","Atos","Rabat","bac +5 et plus - master","java , jee , angular","Stage","/offre-emploi-developpeur-javajeeangular-entry-level-recrutement-atos-rabat-132668.html"
"29210","Expert Technique Java JEE","SQLI Maroc","Casablanca","bac +5 et plus","java , hibernate , mysql , oracle , apache , spring , spring cloud , kafka , tomcat , unix , jdbc","CDI","/offre-emploi-expert-technique-java-jee-recrutement-sqli-maroc-casablanca-132666.html"
"29211","Architecte Technique Microsoft (F/H)","SQLI Maroc","Rabat",,"sql , azure , agile","CDI","/offre-emploi-architecte-technique-microsoft-fh-recrutement-sqli-maroc-rabat-132196.html"
"29215","Expert Technique PHP","Intelcia ITS","Rabat","bac +5 et plus","angular , mysql , php , laravel , reactjs , symfony","CDI","/offre-emploi-expert-technique-php-recrutement-intelcia-its-rabat-132638.html"
"29216","Ingénieur DevOps","Intelcia ITS","Rabat","bac +5 et plus","docker , kubernetes , linux","CDI","/offre-emploi-ingenieur-devops-recrutement-intelcia-its-rabat-132639.html"
"29218","Ingénieur Full Stack Angular / NodeJS","Welink","Rabat Technopolis","bac +5 et plus","angular , mysql , html5 , javascript , nodejs , uml","Freelance","/offre-emploi-ingenieur-full-stack-angular-nodejs-recrutement-welink-rabat-technopolis-132615.html"
"29219","Data analyst (H/F)","Oceane Consulting","Casablanca","bac +5 et plus - ecole d'ingénieur","sql , agile","CDI","/offre-emploi-data-analyst-hf-recrutement-oceane-consulting-casablanca-132611.html"
"29220","Scrum Master Senior","Sofrecom Services Maroc","Casablanca","bac +5 et plus - ecole d'ingénieur","scrum","CDI","/offre-emploi-scrum-master-senior-recrutement-sofrecom-services-maroc-casablanca-131568.html"
"29201","Expert Technique JAVA/Angular (H/F)","CGI Technologies et Solutions Maroc","Rabat","bac +5 et plus","sql , java , hibernate , angular , mysql , git , docker , springboot , kubernetes , linux","CDI","/offre-emploi-expert-technique-javaangular-hf-recrutement-cgi-technologies-et-solutions-maroc-rabat-132699.html"
"29202","Développeur Python","Sofrecom Services Maroc","Rabat","bac +5 et plus - master","python , git , linux","CDI","/offre-emploi-developpeur-python-recrutement-sofrecom-services-maroc-rabat-131579.html"
"29203","Développeur JAVA : Sénior","Sofrecom Services Maroc","Technopolis","bac +5 et plus","java , angular , javascript , spring , jpa","CDI","/offre-emploi-developpeur-java-senior-recrutement-sofrecom-services-maroc-technopolis-131578.html"
"29200","Développeur Fullstack Javascript (H/F)","CGI Technologies et Solutions Maroc","Rabat","bac +5 et plus - ecole d'ingénieur","java , angular , js , git , react , spring , spring boot , node js , tomcat , kubernetes , jira","CDI","/offre-emploi-developpeur-fullstack-javascript-hf-recrutement-cgi-technologies-et-solutions-maroc-rabat-132700.html"
"29198","Consultant React Native","Welink","Freelance","bac +5 et plus","react","Freelance","/offre-emploi-consultant-react-native---freelance-recrutement-welink-casablanca-131585.html"
"29195","Ingénieur Développeur Oracle PL/SqL C","Altados","Mon","bac +5 et plus - ecole d'ingénieur","sql , java , hibernate , oracle , jboss , spring , tomcat , unix","CDI","/offre-emploi-ingenieur-developpeur-oracle-plsql-c-mon--recrutement-altados-casablanca-132712.html"
"29196","Tech Lead DotNet","Sofrecom Services Maroc","Casablanca","bac +5 et plus","sql , html5 , css3 , jquery , angularjs , power bi , sql server","CDI","/offre-emploi-tech-lead-dotnet-recrutement-sofrecom-services-maroc-casablanca-131690.html"
"29197","Développeur Senior DotNet","Sofrecom Services Maroc","Casablanca","bac +5 et plus","sql , html5 , css3 , jquery , angularjs , power bi , sql server","CDI","/offre-emploi-developpeur-senior-dotnet-recrutement-sofrecom-services-maroc-casablanca-131691.html"
"29164","Ingénieur Test et Qualification","Altados","MON","bac +5 et plus - ecole d'ingénieur","sql , java , html , oracle , linux","CDI","/offre-emploi-ingenieur-test-et-qualification-mon--recrutement-altados-casablanca-132775.html"
"29165","Ingénieur Test et Automatisation","Altados","MON","bac +5 et plus - ecole d'ingénieur","java , unix","CDI","/offre-emploi-ingenieur-test-et-automatisation--mon--recrutement-altados-casablanca-132774.html"
"29166","Expert test et automatisation","Altados","Casablanca","bac +5 et plus","html , oracle , javascript , python , git , sap , jenkins","CDI","/offre-emploi-expert-test-et-automatisation-recrutement-altados-casablanca-132772.html"
"29167","Référent technique","Sofrecom Services Maroc","Technopolis","bac +5 et plus","sql , postgresql , linux","CDI","/offre-emploi-referent-technique-recrutement-sofrecom-services-maroc-technopolis-132770.html"
"29168","Ingénieur DEVOPS","Sofrecom Services Maroc","Rabat","bac +4","docker , mongodb , scrum , agile","CDI","/offre-emploi-ingenieur-devops-recrutement-sofrecom-services-maroc-rabat-131717.html"
"29169","Concepteur développeur ESB","Sofrecom Services Maroc","Technopolis","bac +4","sql , java , oracle","CDI","/offre-emploi-concepteur-developpeur-esb-recrutement-sofrecom-services-maroc-technopolis-131721.html"
"29170","Concepteur développeur JAVA JEE","Sofrecom Services Maroc","Technopolis","bac +4","java , hibernate , mysql , git , spring , linux","CDI","/offre-emploi-concepteur-developpeur-java-jee-recrutement-sofrecom-services-maroc-technopolis-131747.html"
"29171","Développeur Java Angular","Sofrecom Services Maroc","Technopolis","bac +4","sql , java , angular , javascript , python , postgresql , git , docker , spring , kubernetes , jenkins , unix","CDI","/offre-emploi-developpeur-java-angular-recrutement-sofrecom-services-maroc-technopolis-132080.html"
"29172","Team Leader Technique DOT NET ( H/F)",,"Casablanca","bac +5 et plus","java","CDI","/offre-emploi-team-leader-technique-dot-net-hf-recrutement-confidentiel-casablanca-132765.html"
"29174","Développeur Master Data Management","Sofrecom Services Maroc","Technopolis","bac +4","sql , java","CDI","/offre-emploi-developpeur-master-data-management-recrutement-sofrecom-services-maroc-technopolis-131719.html"
"29178","Microsoft System Administrator","ALTEN Maroc","Rabat",,"azure","CDI","/offre-emploi-microsoft-system-administrator-recrutement-alten-maroc-rabat-130942.html"
"29179","Ingénieur Test et recette Sénior","ALTEN Maroc","Fès",,"jira , agile","CDI","/offre-emploi-ingenieur-test-et-recette-senior-recrutement-alten-maroc-fes-130770.html"
"29181","Développeur PHP Full Stack Sénior","ALTEN Maroc","Rabat",,"sql , angular , html5 , css3 , javascript , jquery , php , symfony , agile","CDI","/offre-emploi-developpeur-php-full-stack-senior-recrutement-alten-maroc-rabat-131488.html"
"29183","Senior Developer Android/IOS (H/F)","Cnexia","Fès","bac +5 et plus - master - formation spécialisée","kotlin","CDI","/offre-emploi-senior-developer-androidios-hf-recrutement-cnexia-fes-132732.html"
"29184","Concepteur Développeur Fullstack","Sofrecom Services Maroc","Casablanca","bac +5 et plus - ecole d'ingénieur","angular , git , maven , spring , spring boot , mariadb , scrum , agile","CDI","/offre-emploi-concepteur-developpeur-fullstack-recrutement-sofrecom-services-maroc-casablanca-132727.html"
"29185","Consultant Technico","DXC Technology Maroc","Fonctionnel GMAO","bac +4","uml","CDI","/offre-emploi-consultant-technico-fonctionnel-gmao-carl-softwarejava-recrutement-dxc-technology-maroc-rabat-132725.html"
"29186","Developpeur Mainframe","DXC Technology Maroc","Rabat(Technopolis)/Casablanca (Casanearshore)","bac +4 - ecole d'ingénieur","agile","CDI","/offre-emploi-developpeur-mainframe-recrutement-dxc-technology-maroc-rabattechnopoliscasablanca-casanearshore-132724.html"
"29188","Chef de projet monétique Senior","Altados","MON","bac +5 et plus - ecole d'ingénieur","java , html , css , javascript , plsql","CDI","/offre-emploi-chef-de-projet-monetique-senior--mon--recrutement-altados-casablanca-131440.html"
"29189","Développeur Angular confirmé","Altados","MON","bac +5 et plus - ecole d'ingénieur","sql , angular , html , javascript , plsql","CDI","/offre-emploi-developpeur-angular-confirme--mon--recrutement-altados-casablanca-132390.html"
"29190","Ingénieur Back","Altados","office Oracle PL/SQL","bac +5 et plus - ecole d'ingénieur","oracle , plsql","CDI","/offre-emploi-ingenieur-back-office-oracle-plsql--mon--recrutement-altados-casablanca-132450.html"
"29191","Chef de projet PL/SQL","Altados","MON","bac +5 et plus - ecole d'ingénieur","oracle , plsql","CDI","/offre-emploi-chef-de-projet-plsql--mon--recrutement-altados-casablanca-131519.html"
"29192","Référent technique MDM","Sofrecom Services Maroc","Technopolis","bac +5 et plus","sql , java","CDI","/offre-emploi-referent-technique-mdm-recrutement-sofrecom-services-maroc-technopolis-132720.html"
"29193","Product Owner Agile","OBS","Rabat","bac +5 et plus - ecole d'ingénieur","java , angular , scrum , agile","CDI","/offre-emploi-product-owner-agile-recrutement-obs-rabat-131617.html"
"29194","Expert Java J2EE / Angular","Altados","MON","bac +5 et plus - ecole d'ingénieur","java , jee , angular , javascript , plsql , spring , spring boot , spring cloud , agile","CDI","/offre-emploi-expert-java-j2ee-angular--mon--recrutement-altados-casablanca-132713.html"
"29162","Consultant RPA Sénior (H/F)","Atos","Casablanca","bac +5 et plus - master","python , scrum , agile","CDI","/offre-emploi-consultant-rpa-senior-hf-recrutement-atos-casablanca-132240.html"
"29161","Testeur/Automaticien Robot Confirmé (H/F)","Atos","Casablanca","bac +5 et plus - ecole d'ingénieur","python , git , jenkins , agile","CDI","/offre-emploi-testeurautomaticien-robot-confirme-hf-recrutement-atos-casablanca-130810.html"
"29157","Ingénieur Développement Java Senior (H/F)","Atos","Casablanca","bac +5 et plus","java , jee , hibernate , angular , mysql , oracle , vuejs , spring , jpa , unix , agile","CDI","/offre-emploi-ingenieur-developpement-java-senior-hf-recrutement-atos-casablanca-131631.html"
"29158","Testeur Fonctionnel (H/F)","Atos","Casablanca","bac +4","mysql , jira , agile","CDI","/offre-emploi-testeur-fonctionnel-hf-recrutement-atos-casablanca-130806.html"
"29159","Ingénieur PHP Natif (H/F)","Atos","Casablanca","bac +4","mysql , php , git , docker , symfony , kafka , drupal , kubernetes , agile","CDI","/offre-emploi-ingenieur-php-natif-hf-recrutement-atos-casablanca-130807.html"
"29160","Ingénieur Etudes et Développement PHP full stack Sénior","Atos","Casablanca","bac +5 et plus - master","php , symfony , agile","CDI","/offre-emploi-ingenieur-etudes-et-developpement-php-full-stack-senior-recrutement-atos-casablanca-130808.html"
"29153","Ingénieur Concepteur Développeur JAVASCRIPT/ VUE.JS (H/F)","SQLI Maroc","Rabat","bac +4","angular , javascript , vuejs , reactjs , nodejs","CDI","/offre-emploi-ingenieur-concepteur-developpeur-javascript-vue.js-hf-recrutement-sqli-maroc-rabat-131140.html"
"29154","Lead Technique (H/F)","TNC The Next Clic","Casablanca","bac +5 et plus","java , jee , springboot","CDI","/offre-emploi-lead-technique-hf-recrutement-tnc-the-next-clic-casablanca-132783.html"
"29155","Chef de projet AMOA (H/F)","TNC The Next Clic","Casablanca","bac +5 et plus","scrum","CDI","/offre-emploi-chef-de-projet-amoa-hf-recrutement-tnc-the-next-clic-casablanca-131947.html"
"29156","Expert Test et Automatisation","Altados","Casablanca","bac +5 et plus - ecole d'ingénieur","html , oracle , javascript , python , git , sap , jenkins","Freelance","/offre-emploi-expert-test-et-automatisation-recrutement-altados-casablanca-132776.html"
"29152","Concepteur Développeur NodeJs(H/F)","SQLI Maroc","Rabat",,"javascript , vuejs , reactjs , nodejs","CDI","/offre-emploi-concepteur-developpeur-nodejshf-recrutement-sqli-maroc-rabat-131142.html"
"29150","Ingénieur Concepteur Développeur JAVASCRIPT/REACTJS","SQLI Maroc","Rabat",,"angular , javascript , vuejs , reactjs , nodejs","CDI","/offre-emploi-ingenieur-concepteur-developpeur-javascriptreactjs-recrutement-sqli-maroc-rabat-131141.html"
"29151","Expert Technique Front End (H/F)","SQLI Maroc","Rabat",,"javascript , vuejs , reactjs , nodejs","CDI","/offre-emploi-expert-technique-front-end-hf-recrutement-sqli-maroc-rabat-131143.html"
"29147","Administrateur Bases de données","Intelcia ITS","Casablanca","bac +5 et plus","sql , mysql , oracle , sql server","CDI","/offre-emploi-administrateur-bases-de-donnees-recrutement-intelcia-its-casablanca-132791.html"
"29149","Ingénieur Concepteur Développeur JavaScript/Angular (H/F)","SQLI Maroc","Rabat",,"angular , javascript , vuejs , reactjs , nodejs","CDI","/offre-emploi-ingenieur-concepteur-developpeur-javascriptangular-hf-recrutement-sqli-maroc-rabat-131883.html"
"29146","Domain Manager","Intelcia ITS","Casablanca","bac +5 et plus","scrum","CDI","/offre-emploi-domain-manager-recrutement-intelcia-its-casablanca-132790.html"
"29142","Ingénieur OPS – DEVOPS confirmé","Excel Management Conseil","RABAT","bac +5 et plus","sql , oracle , aws , azure , linux , sql server","CDI","/offre-emploi-ingenieur-ops-devops-confirme-recrutement-excel-management-conseil-rabat-132801.html"
"29138","Expert Oracle ERP/BI","OBS","Rabat","bac +5 et plus - ecole d'ingénieur","oracle","CDI","/offre-emploi-expert-oracle-erpbi-recrutement-obs-rabat-132814.html"
"29139","Développeur Full Stack Java/Angular Confirmé","OBS","Rabat","bac +5 et plus","sql , angular , css , oracle , html5 , git , docker , maven , spring , jenkins , jira , scrum , agile , type script , sql server","CDI","/offre-emploi-developpeur-full-stack-javaangular-confirme-recrutement-obs-rabat-132812.html"
"29140","Qualifieur","Sofrecom Services Maroc","Testeur auto","bac +5 et plus","jira , agile","CDI","/offre-emploi-qualifieur---testeur-auto-recrutement-sofrecom-services-maroc-casablanca-132805.html"
"29137","Développeur Fullstack / Scrum master","OBS","Rabat","bac +5 et plus - ecole d'ingénieur","java , angular , react , docker , maven , spring , spring boot , jpa , jira","CDI","/offre-emploi-developpeur-fullstack-scrum-master-recrutement-obs-rabat-132815.html"
"29135","Ingénieur BI Confirmé","OBS","Rabat","bac +5 et plus - ecole d'ingénieur","sql , oracle , plsql , docker , jenkins , jira , unix , linux , agile","CDI","/offre-emploi-ingenieur-bi-confirme-recrutement-obs-rabat-132819.html"
"29136","Software Engineer","OBS","BigData support","bac +5 et plus - ecole d'ingénieur","java , hadoop , linux , agile","CDI","/offre-emploi-software-engineer---bigdata-support-recrutement-obs-rabat-132817.html"
"29133","Ingénieur infrastructure Devops/Docker","OBS","Rabat","bac +5 et plus","postgresql , nodejs , saas , aws , kubernetes , paas","CDI","/offre-emploi-ingenieur-infrastructure-devopsdocker-recrutement-obs-rabat-132821.html"
"29115","Ingénieurs Débutants en Support Infrastructure N1(H/F)","Deloitte Nearshore","Bilingues Français","bac +5 et plus","mysql , python , postgresql , git , docker , apache , aws , azure , kubernetes , mongodb , jenkins , linux , bash","CDI","/offre-emploi-ingenieurs-debutants-en-support-infrastructure-n1hf---bilingues-francais-anglais-recrutement-deloitte-nearshore-casablanca-131246.html"
"29117","Business Analyst","OBS","Rabat","bac +5 et plus - ecole d'ingénieur","sql , oracle , javascript , git , jira , agile","CDI","/offre-emploi-business-analyst-recrutement-obs-rabat-131616.html"
"29118","Tech Lead Java","OBS","Rabat","bac +5 et plus - ecole d'ingénieur","java , hibernate , mysql , oracle , javascript , angularjs , typescript , docker , maven , spring , kubernetes , jenkins , linux","CDI","/offre-emploi-tech-lead-java-recrutement-obs-rabat-132541.html"
"29119","Développeur Full Stack Java/JEE Confirmé","OBS","Rabat","bac +5 et plus","sql , angular , css , oracle , html5 , git , docker , maven , spring , jenkins , jira , scrum , agile , type script , sql server","CDI","/offre-emploi-developpeur-full-stack-javajee-confirme-recrutement-obs-rabat-132356.html"
"29122","Consultant MSBI","Umanis","Casablanca","bac +5 et plus","power bi","CDI","/offre-emploi-consultant-msbi-recrutement-umanis-casablanca-132527.html"
"29123","Ingénieur Etudes et Développement .NET senior","Umanis","Casablanca","bac +5 et plus","sql , html , javascript , ajax , sql server","CDI","/offre-emploi-ingenieur-etudes-et-developpement-.net-senior-recrutement-umanis-casablanca-132073.html"
"29124","Ingénieur Etudes et Développement Fullstack .NET / Angular Senior","Umanis","Casablanca","bac +5 et plus","sql , angular , agile , sql server","CDI","/offre-emploi-ingenieur-etudes-et-developpement-fullstack-.net-angular-senior-recrutement-umanis-casablanca-132537.html"
"29126","Ingénieur Développement PHP","Webhelp Maroc","Rabat","bac +5 et plus","sql , html , css , javascript , jquery , php , apache , linux , sql server","CDI","/offre-emploi-ingenieur-developpement-php-recrutement-webhelp-maroc-rabat-132852.html"
"29127","Ingénieur Etudes Et Développement Java Full Stack (H/F)","ARIA Tech","Casablanca","bac +5 et plus - master","java , jee , hibernate , angular , css , html5 , css3 , git , docker , maven , spring , jpa , scrum , agile , kotlin","CDI","/offre-emploi-ingenieur-etudes-et-developpement-java-full-stack-hf-recrutement-aria-tech-casablanca-132849.html"
"29128","Ingénieur Test Automatisation (H/F)","ARIA Tech","Casablanca","bac +5 et plus","git , jira","CDI","/offre-emploi-ingenieur-test-automatisation-hf-recrutement-aria-tech-casablanca-132848.html"
"29129","Ingénieur Data Senior","Webhelp Maroc","Rabat","bac +5 et plus","sql , azure , power bi","CDI","/offre-emploi-ingenieur-data-senior-recrutement-webhelp-maroc-rabat-131634.html"
"29130","Développeur Big Data","Sofrecom Services Maroc","Casablanca","bac +5 et plus","java , docker , kubernetes , hadoop , spark , yarn","CDI","/offre-emploi-developpeur-big-data-recrutement-sofrecom-services-maroc-casablanca-132832.html"
"29131","Ingénieur infrastructure Devops/Docker","OBS","Rabat","bac +5 et plus","postgresql , nodejs , saas , aws , kubernetes , paas","CDI","/offre-emploi-ingenieur-infrastructure-devopsdocker-recrutement-obs-rabat-132825.html"
"29132","BigData Developer ( Scala/Java)","OBS","Rabat","bac +5 et plus","java , git , maven , scala , jenkins , jira , hadoop , unix , linux , agile","CDI","/offre-emploi-bigdata-developer-scalajava-recrutement-obs-rabat-132824.html"
"29114","Consultants SAM Anglophones","Deloitte Nearshore","Software Asset Management","bac +5 et plus - ecole d'ingénieur","oracle , sap","CDI","/offre-emploi-consultants-sam-anglophones---software-asset-management-recrutement-deloitte-nearshore-casablanca-130839.html"
"29111","Ingénieur Développement Java Senior (H/F)","Atos","Casablanca","bac +5 et plus","java , jee , hibernate , angular , mysql , oracle , vuejs , spring , jpa , unix , agile","CDI","/offre-emploi-ingenieur-developpement-java-senior-hf-recrutement-atos-casablanca-132872.html"
"29112","Architecte DEVOPS","Omnishore","Casablanca","bac +5 et plus","git , docker , maven , aws , kubernetes , jenkins , unix , linux","CDI","/offre-emploi-architecte-devops-recrutement-omnishore-casablanca-132868.html"
"29113","Ingénieurs infrastructure","Deloitte Nearshore","( expérience dans l'un des éditeurs Oracle, Microsoft, Adobe, Vmware, SAP, IBM, MicroFocus)","bac +5 et plus - ecole d'ingénieur","oracle , sap","CDI","/offre-emploi-ingenieurs-infrastructure---experience-dans-lun-des-editeurs-oracle-microsoft-adobe-vmware-sap-ibm-microfocus-recrutement-deloitte-nearshore-casablanca-130906.html"
"29108","Team Leader JAVA JEE","Omnishore","Casablanca","bac +5 et plus","angular , docker , maven , spring , spring boot , spring cloud , scrum , agile","CDI","/offre-emploi-team-leader-java-jee-recrutement-omnishore-casablanca-132879.html"
"29110","Auditeur Système d’Information Confirmé (H/F)","Deloitte Nearshore","Casablanca","bac +5 et plus - ecole d'ingénieur","sql , oracle , sap , unix , sql server","CDI","/offre-emploi-auditeur-systeme-dinformation-confirme-hf-recrutement-deloitte-nearshore-casablanca-130804.html"
"29106","Ingénieur Projet JAVA JEE","Omnishore","Casablanca","bac +5 et plus","angular , docker , maven , spring , spring boot , spring cloud , scrum , agile","CDI","/offre-emploi-ingenieur-projet-java-jee-recrutement-omnishore-casablanca-132878.html"
"29103","Auditeur Sécurité SI Junior (H/F)","Deloitte Nearshore","Casablanca","bac +5 et plus - ecole d'ingénieur","sql , oracle , sap , unix , sql server","CDI","/offre-emploi-auditeur-securite-si-junior-hf-recrutement-deloitte-nearshore-casablanca-132458.html"
"29096","Ingénieur Développeur C","Altados","MON","bac +5 et plus - ecole d'ingénieur","mysql , oracle , python","CDI","/offre-emploi-ingenieur-developpeur-c--mon--recrutement-altados-casablanca-132532.html"
"29098","Ingénieur DevOps Senior","Altados","Casablanca","bac +5 et plus","java , php , docker , jenkins","CDI","/offre-emploi-ingenieur-devops-senior-recrutement-altados-casablanca-131764.html"
"29089","Ingénieur Chef de projet IT / Scrum Master (H/F)","SQLI Maroc","Rabat",,"jira , agile","CDI","/offre-emploi-ingenieur-chef-de-projet-it-scrum-master-hf-recrutement-sqli-maroc-rabat-132913.html"
"29091","Consultant(e) MicroStrategy","CGI Technologies et Solutions Maroc","Rabat","bac +5 et plus","sql , oracle , jboss","CDI","/offre-emploi-consultante-microstrategy-recrutement-cgi-technologies-et-solutions-maroc-rabat-132903.html"
"29093","Développeur Fullstack Javascript (H/F)","CGI Technologies et Solutions Maroc","Rabat","bac +5 et plus - ecole d'ingénieur","java , angular , js , git , react , spring , spring boot , node js , tomcat , kubernetes , jira","CDI","/offre-emploi-developpeur-fullstack-javascript-hf-recrutement-cgi-technologies-et-solutions-maroc-rabat-132901.html"
"29094","Ingénieur développeur .Net Angular Confirmé","Altados","Casablanca","bac +5 et plus","sql , jquery , angularjs","CDI","/offre-emploi-ingenieur-developpeur-.net-angular-confirme-recrutement-altados-casablanca-131017.html"
"29087","Ingénieur PFA SPARTE","ALTEN Maroc","Fès",,"sap","CDI","/offre-emploi-ingenieur-pfa-sparte-recrutement-alten-maroc-fes-132920.html"
"29088","Ingénieur IT Business analyst (H/F)","SQLI Maroc","Rabat",,"oracle , uml , drupal , sap","CDI","/offre-emploi-ingenieur-it-business-analyst-hf-recrutement-sqli-maroc-rabat-132914.html"
"29085","WorkPlace Specialist","ALTEN Maroc","Rabat",,"azure","CDI","/offre-emploi-workplace-specialist-recrutement-alten-maroc-rabat-132927.html"
"29084","Développeur .NET Confirmé (H/F)","Neosys","Rabat","bac +5 et plus","html , css , jquery , js , git , react , jira","CDI","/offre-emploi-developpeur-.net-confirme-hf-recrutement-neosys-rabat-132487.html"
